Ranking,Alternatif,Jurusan&Periode,S_i,U_i,Nilai rata rata Raport,Nilai Sikap,Nilai Ketidakhadiran,Nilai Estrakulikuler,Nilai Prestasi,Nilai Prakerin
1,5,X_AKL_2&2022/2023,0.24553,1.0,84.78,5,1,5,5,1
2,6,X_AKL_2&2022/2023,0.231268,0.941911,83.94,3,1,4,4,1
3,7,X_AKL_2&2022/2023,0.230955,0.940636,83.89,5,1,1,5,1
4,1,X_AKL_2&2022/2023,0.230205,0.937584,82.22,5,1,1,5,1
5,3,X_AKL_2&2022/2023,0.162097,0.660192,83.17,5,2,4,5,1
6,10,X_AKL_2&2022/2023,0.124627,0.507584,82.17,5,3,1,5,1
7,4,X_AKL_2&2022/2023,0.110429,0.449759,81.78,5,5,3,5,1
8,2,X_AKL_2&2022/2023,0.0865,0.352297,81.06,5,9,1,3,1
9,8,X_AKL_2&2022/2023,0.086181,0.351001,80.67,5,20,3,5,1
10,9,X_AKL_2&2022/2023,0.084965,0.346046,81.56,5,10,1,3,1
